{"paths": {"ckeditor/ckeditor/skins/light/images/hidpi/close.png": "ckeditor/ckeditor/skins/light/images/hidpi/close.829b1540f684.png", "ckeditor/ckeditor/skins/light/images/hidpi/lock-open.png": "ckeditor/ckeditor/skins/light/images/hidpi/lock-open.5d74f87d9094.png", "ckeditor/ckeditor/skins/light/images/hidpi/lock.png": "ckeditor/ckeditor/skins/light/images/hidpi/lock.432ce2e547c5.png", "ckeditor/ckeditor/skins/light/images/hidpi/refresh.png": "ckeditor/ckeditor/skins/light/images/hidpi/refresh.b2b0dd629761.png", "ckeditor/ckeditor/skins/light/images/arrow.png": "ckeditor/ckeditor/skins/light/images/arrow.1736b2041754.png", "ckeditor/ckeditor/skins/light/images/close.png": "ckeditor/ckeditor/skins/light/images/close.53f705a8191c.png", "ckeditor/ckeditor/skins/light/images/lock-open.png": "ckeditor/ckeditor/skins/light/images/lock-open.1559f68beb13.png", "ckeditor/ckeditor/skins/light/images/lock.png": "ckeditor/ckeditor/skins/light/images/lock.5eeefef84592.png", "ckeditor/ckeditor/skins/light/images/refresh.png": "ckeditor/ckeditor/skins/light/images/refresh.669da5a68818.png", "admin/js/vendor/select2/i18n/af.js": "admin/js/vendor/select2/i18n/af.4f6fcd73488c.js", "admin/js/vendor/select2/i18n/ar.js": "admin/js/vendor/select2/i18n/ar.65aa8e36bf5d.js", "admin/js/vendor/select2/i18n/az.js": "admin/js/vendor/select2/i18n/az.270c257daf81.js", "admin/js/vendor/select2/i18n/bg.js": "admin/js/vendor/select2/i18n/bg.39b8be30d4f0.js", "admin/js/vendor/select2/i18n/bn.js": "admin/js/vendor/select2/i18n/bn.6d42b4dd5665.js", "admin/js/vendor/select2/i18n/bs.js": "admin/js/vendor/select2/i18n/bs.91624382358e.js", "admin/js/vendor/select2/i18n/ca.js": "admin/js/vendor/select2/i18n/ca.a166b745933a.js", "admin/js/vendor/select2/i18n/cs.js": "admin/js/vendor/select2/i18n/cs.4f43e8e7d33a.js", "admin/js/vendor/select2/i18n/da.js": "admin/js/vendor/select2/i18n/da.766346afe4dd.js", "admin/js/vendor/select2/i18n/de.js": "admin/js/vendor/select2/i18n/de.8a1c222b0204.js", "admin/js/vendor/select2/i18n/dsb.js": "admin/js/vendor/select2/i18n/dsb.56372c92d2f1.js", "admin/js/vendor/select2/i18n/el.js": "admin/js/vendor/select2/i18n/el.27097f071856.js", "admin/js/vendor/select2/i18n/en.js": "admin/js/vendor/select2/i18n/en.cf932ba09a98.js", "admin/js/vendor/select2/i18n/es.js": "admin/js/vendor/select2/i18n/es.66dbc2652fb1.js", "admin/js/vendor/select2/i18n/et.js": "admin/js/vendor/select2/i18n/et.2b96fd98289d.js", "admin/js/vendor/select2/i18n/eu.js": "admin/js/vendor/select2/i18n/eu.adfe5c97b72c.js", "admin/js/vendor/select2/i18n/fa.js": "admin/js/vendor/select2/i18n/fa.3b5bd1961cfd.js", "admin/js/vendor/select2/i18n/fi.js": "admin/js/vendor/select2/i18n/fi.614ec42aa9ba.js", "admin/js/vendor/select2/i18n/fr.js": "admin/js/vendor/select2/i18n/fr.05e0542fcfe6.js", "admin/js/vendor/select2/i18n/gl.js": "admin/js/vendor/select2/i18n/gl.d99b1fedaa86.js", "admin/js/vendor/select2/i18n/he.js": "admin/js/vendor/select2/i18n/he.e420ff6cd3ed.js", "admin/js/vendor/select2/i18n/hi.js": "admin/js/vendor/select2/i18n/hi.70640d41628f.js", "admin/js/vendor/select2/i18n/hr.js": "admin/js/vendor/select2/i18n/hr.a2b092cc1147.js", "admin/js/vendor/select2/i18n/hsb.js": "admin/js/vendor/select2/i18n/hsb.fa3b55265efe.js", "admin/js/vendor/select2/i18n/hu.js": "admin/js/vendor/select2/i18n/hu.6ec6039cb8a3.js", "admin/js/vendor/select2/i18n/hy.js": "admin/js/vendor/select2/i18n/hy.c7babaeef5a6.js", "admin/js/vendor/select2/i18n/id.js": "admin/js/vendor/select2/i18n/id.04debded514d.js", "admin/js/vendor/select2/i18n/is.js": "admin/js/vendor/select2/i18n/is.3ddd9a6a97e9.js", "admin/js/vendor/select2/i18n/it.js": "admin/js/vendor/select2/i18n/it.be4fe8d365b5.js", "admin/js/vendor/select2/i18n/ja.js": "admin/js/vendor/select2/i18n/ja.170ae885d74f.js", "admin/js/vendor/select2/i18n/ka.js": "admin/js/vendor/select2/i18n/ka.2083264a54f0.js", "admin/js/vendor/select2/i18n/km.js": "admin/js/vendor/select2/i18n/km.c23089cb06ca.js", "admin/js/vendor/select2/i18n/ko.js": "admin/js/vendor/select2/i18n/ko.e7be6c20e673.js", "admin/js/vendor/select2/i18n/lt.js": "admin/js/vendor/select2/i18n/lt.23c7ce903300.js", "admin/js/vendor/select2/i18n/lv.js": "admin/js/vendor/select2/i18n/lv.08e62128eac1.js", "admin/js/vendor/select2/i18n/mk.js": "admin/js/vendor/select2/i18n/mk.dabbb9087130.js", "admin/js/vendor/select2/i18n/ms.js": "admin/js/vendor/select2/i18n/ms.4ba82c9a51ce.js", "admin/js/vendor/select2/i18n/nb.js": "admin/js/vendor/select2/i18n/nb.da2fce143f27.js", "admin/js/vendor/select2/i18n/ne.js": "admin/js/vendor/select2/i18n/ne.3d79fd3f08db.js", "admin/js/vendor/select2/i18n/nl.js": "admin/js/vendor/select2/i18n/nl.997868a37ed8.js", "admin/js/vendor/select2/i18n/pl.js": "admin/js/vendor/select2/i18n/pl.6031b4f16452.js", "admin/js/vendor/select2/i18n/ps.js": "admin/js/vendor/select2/i18n/ps.38dfa47af9e0.js", "admin/js/vendor/select2/i18n/pt-BR.js": "admin/js/vendor/select2/i18n/pt-BR.e1b294433e7f.js", "admin/js/vendor/select2/i18n/pt.js": "admin/js/vendor/select2/i18n/pt.33b4a3b44d43.js", "admin/js/vendor/select2/i18n/ro.js": "admin/js/vendor/select2/i18n/ro.f75cb460ec3b.js", "admin/js/vendor/select2/i18n/ru.js": "admin/js/vendor/select2/i18n/ru.934aa95f5b5f.js", "admin/js/vendor/select2/i18n/sk.js": "admin/js/vendor/select2/i18n/sk.33d02cef8d11.js", "admin/js/vendor/select2/i18n/sl.js": "admin/js/vendor/select2/i18n/sl.131a78bc0752.js", "admin/js/vendor/select2/i18n/sq.js": "admin/js/vendor/select2/i18n/sq.5636b60d29c9.js", "admin/js/vendor/select2/i18n/sr-Cyrl.js": "admin/js/vendor/select2/i18n/sr-Cyrl.f254bb8c4c7c.js", "admin/js/vendor/select2/i18n/sr.js": "admin/js/vendor/select2/i18n/sr.5ed85a48f483.js", "admin/js/vendor/select2/i18n/sv.js": "admin/js/vendor/select2/i18n/sv.7a9c2f71e777.js", "admin/js/vendor/select2/i18n/th.js": "admin/js/vendor/select2/i18n/th.f38c20b0221b.js", "admin/js/vendor/select2/i18n/tk.js": "admin/js/vendor/select2/i18n/tk.7c572a68c78f.js", "admin/js/vendor/select2/i18n/tr.js": "admin/js/vendor/select2/i18n/tr.b5a0643d1545.js", "admin/js/vendor/select2/i18n/uk.js": "admin/js/vendor/select2/i18n/uk.8cede7f4803c.js", "admin/js/vendor/select2/i18n/vi.js": "admin/js/vendor/select2/i18n/vi.097a5b75b3e1.js", "admin/js/vendor/select2/i18n/zh-CN.js": "admin/js/vendor/select2/i18n/zh-CN.2cff662ec5f9.js", "admin/js/vendor/select2/i18n/zh-TW.js": "admin/js/vendor/select2/i18n/zh-TW.04554a227c2b.js", "ckeditor/ckeditor/skins/light/bower.json": "ckeditor/ckeditor/skins/light/bower.cd6a2d292c1a.json", "ckeditor/ckeditor/skins/light/dialog.css": "ckeditor/ckeditor/skins/light/dialog.bad48c8b8b7c.css", "ckeditor/ckeditor/skins/light/editor.css": "ckeditor/ckeditor/skins/light/editor.c6dc785f0bb9.css", "ckeditor/ckeditor/skins/light/editor_gecko.css": "ckeditor/ckeditor/skins/light/editor_gecko.486574b74451.css", "ckeditor/ckeditor/skins/light/editor_ie.css": "ckeditor/ckeditor/skins/light/editor_ie.9a80ee2a5d57.css", "ckeditor/ckeditor/skins/light/editor_ie7.css": "ckeditor/ckeditor/skins/light/editor_ie7.42292fa1bdc9.css", "ckeditor/ckeditor/skins/light/editor_ie8.css": "ckeditor/ckeditor/skins/light/editor_ie8.532fe29f2a31.css", "ckeditor/ckeditor/skins/light/icons.png": "ckeditor/ckeditor/skins/light/icons.0c485d8a15c7.png", "ckeditor/ckeditor/skins/light/icons_hidpi.png": "ckeditor/ckeditor/skins/light/icons_hidpi.5e5bf73ef865.png", "ckeditor/ckeditor/skins/light/LICENSE": "ckeditor/ckeditor/skins/light/LICENSE.0496c1d81f89", "ckeditor/ckeditor/skins/light/README.md": "ckeditor/ckeditor/skins/light/README.9cec55d3a7bf.md", "ckeditor/ckeditor/skins/light/skin.js": "ckeditor/ckeditor/skins/light/skin.c0c3f87802d7.js", "admin/css/vendor/select2/LICENSE-SELECT2.md": "admin/css/vendor/select2/LICENSE-SELECT2.f94142512c91.md", "admin/css/vendor/select2/select2.css": "admin/css/vendor/select2/select2.a2194c262648.css", "admin/css/vendor/select2/select2.min.css": "admin/css/vendor/select2/select2.min.9f54e6414f87.css", "admin/js/vendor/jquery/jquery.js": "admin/js/vendor/jquery/jquery.0208b96062ba.js", "admin/js/vendor/jquery/jquery.min.js": "admin/js/vendor/jquery/jquery.min.641dd1437010.js", "admin/js/vendor/jquery/LICENSE.txt": "admin/js/vendor/jquery/LICENSE.de877aa6d744.txt", "admin/js/vendor/select2/LICENSE.md": "admin/js/vendor/select2/LICENSE.f94142512c91.md", "admin/js/vendor/select2/select2.full.js": "admin/js/vendor/select2/select2.full.c2afdeda3058.js", "admin/js/vendor/select2/select2.full.min.js": "admin/js/vendor/select2/select2.full.min.fcd7500d8e13.js", "admin/js/vendor/xregexp/LICENSE.txt": "admin/js/vendor/xregexp/LICENSE.bf79e414957a.txt", "admin/js/vendor/xregexp/xregexp.js": "admin/js/vendor/xregexp/xregexp.efda034b9537.js", "admin/js/vendor/xregexp/xregexp.min.js": "admin/js/vendor/xregexp/xregexp.min.b0439563a5d3.js", "admin_interface/css/third-party/ckeditor.css": "admin_interface/css/third-party/ckeditor.7c9b6fa7ffe6.css", "admin_interface/css/third-party/import-export.css": "admin_interface/css/third-party/import-export.024b61dc7f02.css", "admin_interface/css/third-party/json-widget.css": "admin_interface/css/third-party/json-widget.da3f396df95e.css", "admin_interface/css/third-party/modeltranslation.css": "admin_interface/css/third-party/modeltranslation.9e76b8628a29.css", "admin_interface/css/third-party/rangefilter.css": "admin_interface/css/third-party/rangefilter.058cc5692cde.css", "admin_interface/css/third-party/sorl-thumbnail.css": "admin_interface/css/third-party/sorl-thumbnail.d2558b61cc51.css", "admin_interface/css/third-party/streamfield.css": "admin_interface/css/third-party/streamfield.9b06ba1c63e3.css", "admin_interface/css/third-party/tabbed-admin.css": "admin_interface/css/third-party/tabbed-admin.e89da3d158ae.css", "admin_interface/css/third-party/tinymce.css": "admin_interface/css/third-party/tinymce.c268805b5d23.css", "admin/img/gis/move_vertex_off.svg": "admin/img/gis/move_vertex_off.7a23bf31ef8a.svg", "admin/img/gis/move_vertex_on.svg": "admin/img/gis/move_vertex_on.0047eba25b67.svg", "admin/js/admin/DateTimeShortcuts.js": "admin/js/admin/DateTimeShortcuts.9f6e209cebca.js", "admin/js/admin/RelatedObjectLookups.js": "admin/js/admin/RelatedObjectLookups.8609f99b9ab2.js", "admin/js/cancel.js": "admin/js/cancel.76084746e88a.js", "admin/js/collapse.js": "admin/js/collapse.6bd4cf8d115f.js", "admin/js/popup_response.js": "admin/js/popup_response.594119f8eca9.js", "admin_interface/collapsible-inlines/collapsible-inlines.js": "admin_interface/collapsible-inlines/collapsible-inlines.325ee55af73a.js", "admin_interface/css/admin-interface.css": "admin_interface/css/admin-interface.b0b5953c50b3.css", "admin_interface/css/change-form.css": "admin_interface/css/change-form.bd003611e1e9.css", "admin_interface/css/changelist.css": "admin_interface/css/changelist.6347dd32d92f.css", "admin_interface/css/fieldsets.css": "admin_interface/css/fieldsets.0f879fccfed5.css", "admin_interface/css/file-upload.css": "admin_interface/css/file-upload.c774db0359d8.css", "admin_interface/css/header.css": "admin_interface/css/header.404945393d13.css", "admin_interface/css/inlines.css": "admin_interface/css/inlines.aee15daecaa1.css", "admin_interface/css/jquery.ui.tabs.css": "admin_interface/css/jquery.ui.tabs.6aa8e9c03e2c.css", "admin_interface/css/language-chooser.css": "admin_interface/css/language-chooser.e82f9c4e24bf.css", "admin_interface/css/list-filter-dropdown.css": "admin_interface/css/list-filter-dropdown.a937514dd82a.css", "admin_interface/css/list-filter.css": "admin_interface/css/list-filter.ca81d6511436.css", "admin_interface/css/login.css": "admin_interface/css/login.9407121500fa.css", "admin_interface/css/modules.css": "admin_interface/css/modules.a06b02030b54.css", "admin_interface/css/nav-sidebar.css": "admin_interface/css/nav-sidebar.31ab54f8b9cf.css", "admin_interface/css/object-tools.css": "admin_interface/css/object-tools.7d7b08318f4e.css", "admin_interface/css/paginator.css": "admin_interface/css/paginator.aa50d3bdfb67.css", "admin_interface/css/recent-actions.css": "admin_interface/css/recent-actions.6d7ce817eafb.css", "admin_interface/css/rtl.css": "admin_interface/css/rtl.05df897b9686.css", "admin_interface/css/sticky-form-controls.css": "admin_interface/css/sticky-form-controls.7dd14356ec40.css", "admin_interface/css/tabbed-changeform.css": "admin_interface/css/tabbed-changeform.b321f93e3004.css", "admin_interface/css/widgets.css": "admin_interface/css/widgets.b74a7af319fc.css", "admin_interface/favico/favico-0.3.10-patched.js": "admin_interface/favico/favico-0.3.10-patched.fa290433e025.js", "admin_interface/favico/favico-0.3.10-patched.min.js": "admin_interface/favico/favico-0.3.10-patched.min.ab4c91239826.js", "admin_interface/foldable-apps/foldable-apps.css": "admin_interface/foldable-apps/foldable-apps.17e5d618ba22.css", "admin_interface/foldable-apps/foldable-apps.js": "admin_interface/foldable-apps/foldable-apps.a4e0b6c37b79.js", "admin_interface/magnific-popup/jquery.magnific-popup.js": "admin_interface/magnific-popup/jquery.magnific-popup.36fbedb80cf9.js", "admin_interface/magnific-popup/magnific-popup.css": "admin_interface/magnific-popup/magnific-popup.30b593b71d76.css", "admin_interface/related-modal/related-modal.css": "admin_interface/related-modal/related-modal.1b2d534058ba.css", "admin_interface/related-modal/related-modal.js": "admin_interface/related-modal/related-modal.ab20f43c49fc.js", "admin_interface/tabbed-changeform/tabbed-changeform.js": "admin_interface/tabbed-changeform/tabbed-changeform.3503651ceb08.js", "streamfield/js/admin_popup_response.js": "streamfield/js/admin_popup_response.28003ce4d9ef.js", "colorfield/jscolor/jscolor.js": "colorfield/jscolor/jscolor.7d21b45432c0.js", "colorfield/jscolor/jscolor.min.js": "colorfield/jscolor/jscolor.min.a95f47b9b32a.js", "admin/css/autocomplete.css": "admin/css/autocomplete.4a81fc4242d0.css", "admin/css/base.css": "admin/css/base.523eb49842a7.css", "admin/css/changelists.css": "admin/css/changelists.9237a1ac391b.css", "admin/css/dark_mode.css": "admin/css/dark_mode.ef27a31af300.css", "admin/css/dashboard.css": "admin/css/dashboard.e90f2068217b.css", "admin/css/forms.css": "admin/css/forms.c14e1cb06392.css", "admin/css/login.css": "admin/css/login.586129c60a93.css", "admin/css/nav_sidebar.css": "admin/css/nav_sidebar.269a1bd44627.css", "admin/css/responsive.css": "admin/css/responsive.f6533dab034d.css", "admin/css/responsive_rtl.css": "admin/css/responsive_rtl.7d1130848605.css", "admin/css/rtl.css": "admin/css/rtl.512d4b53fc59.css", "admin/css/widgets.css": "admin/css/widgets.ee33ab26c7c2.css", "admin/img/calendar-icons.svg": "admin/img/calendar-icons.39b290681a8b.svg", "admin/img/icon-addlink.svg": "admin/img/icon-addlink.d519b3bab011.svg", "admin/img/icon-alert.svg": "admin/img/icon-alert.034cc7d8a67f.svg", "admin/img/icon-calendar.svg": "admin/img/icon-calendar.ac7aea671bea.svg", "admin/img/icon-changelink.svg": "admin/img/icon-changelink.18d2fd706348.svg", "admin/img/icon-clock.svg": "admin/img/icon-clock.e1d4dfac3f2b.svg", "admin/img/icon-deletelink.svg": "admin/img/icon-deletelink.564ef9dc3854.svg", "admin/img/icon-no.svg": "admin/img/icon-no.439e821418cd.svg", "admin/img/icon-unknown-alt.svg": "admin/img/icon-unknown-alt.81536e128bb6.svg", "admin/img/icon-unknown.svg": "admin/img/icon-unknown.a18cb4398978.svg", "admin/img/icon-viewlink.svg": "admin/img/icon-viewlink.41eb31f7826e.svg", "admin/img/icon-yes.svg": "admin/img/icon-yes.d2f9f035226a.svg", "admin/img/inline-delete.svg": "admin/img/inline-delete.fec1b761f254.svg", "admin/img/LICENSE": "admin/img/LICENSE.2c54f4e1ca1c", "admin/img/README.txt": "admin/img/README.a70711a38d87.txt", "admin/img/search.svg": "admin/img/search.7cf54ff789c6.svg", "admin/img/selector-icons.svg": "admin/img/selector-icons.b4555096cea2.svg", "admin/img/sorting-icons.svg": "admin/img/sorting-icons.3a097b59f104.svg", "admin/img/tooltag-add.svg": "admin/img/tooltag-add.e59d620a9742.svg", "admin/img/tooltag-arrowright.svg": "admin/img/tooltag-arrowright.bbfb788a849e.svg", "admin/js/actions.js": "admin/js/actions.eac7e3441574.js", "admin/js/autocomplete.js": "admin/js/autocomplete.01591ab27be7.js", "admin/js/calendar.js": "admin/js/calendar.f8a5d055eb33.js", "admin/js/change_form.js": "admin/js/change_form.9d8ca4f96b75.js", "admin/js/core.js": "admin/js/core.cf103cd04ebf.js", "admin/js/filters.js": "admin/js/filters.0e360b7a9f80.js", "admin/js/inlines.js": "admin/js/inlines.22d4d93c00b4.js", "admin/js/jquery.init.js": "admin/js/jquery.init.b7781a0897fc.js", "admin/js/nav_sidebar.js": "admin/js/nav_sidebar.3b9190d420b1.js", "admin/js/prepopulate.js": "admin/js/prepopulate.bd2361dfd64d.js", "admin/js/prepopulate_init.js": "admin/js/prepopulate_init.6cac7f3105b8.js", "admin/js/SelectBox.js": "admin/js/SelectBox.7d3ce5a98007.js", "admin/js/SelectFilter2.js": "admin/js/SelectFilter2.bdb8d0cc579e.js", "admin/js/theme.js": "admin/js/theme.ab270f56bb9c.js", "admin/js/urlify.js": "admin/js/urlify.ae970a820212.js", "streamfield/admin_popup_response.js": "streamfield/admin_popup_response.28003ce4d9ef.js", "colorfield/colorfield.js": "colorfield/colorfield.b40f5aefd358.js"}, "version": "1.1", "hash": "8a3fd3bb35dc"}